radial_and_circumferencial_roads,car_volume,puj_volume,uv_volume,taxi_volume,pub_volume,truck_volume,trailer_volume,mc_volume,tricycle_volume,total_vehicle
c1_recto,30708,9815,823,2884,461,743,94,59551,4650,109729
c2_mendoza,54571,35,130,2303,244,7231,847,79105,1745,146211
c2_pres_quirino_ave,74152,763,122,3172,403,10020,1521,102419,2566,195138
c3_araneta_ave,79018,6,12,1918,614,2718,331,51378,856,136851
c4_edsa,210980,1006,2299,10852,3019,2655,50,189078,13,419952
c5_cp_garcia_katipunan_tandang_sora,107706,407,2690,3365,1011,8682,901,125970,30,250762
r1_roxas_blvd,82145,7860,3683,9689,990,2960,2091,92927,475,202820
r2_taft_ave,39415,8549,6764,4929,3058,943,5,51620,3836,119119
r3_ssh,85574,358,161,3533,1144,8230,2645,91901,95,193641
r4_shaw_blvd,52610,3017,1305,2810,43,1413,147,83482,9,144836
r5_ortigas_ave,65431,27533,3695,2645,634,4224,534,83909,160,188765
r6_magsaysay_blvd,50465,7062,647,2722,704,4027,1021,91293,2021,159962
r6_aurora_blvd,46695,8348,2325,3318,786,1966,66,67440,219,131163
r7_quezon_ave,127876,5196,4782,9900,1593,3932,94,145218,89,298680
r7_commonwealth_ave,177912,16454,4820,11093,3184,7075,190,191104,1513,413345
r8_a_bonifacio,38870,3914,149,1798,1812,8749,882,50020,807,107001
r9_rizal_ave,25190,7971,14,1644,390,2069,17,49605,1575,88475
r10_del_pan,34103,692,53,1614,97,5829,6685,63352,3900,116325
marcos_highway,111797,10251,552,3826,506,6946,673,131868,191,266610
mcarthur_highway,30890,6255,12,3198,414,2989,317,81624,310,126009